86134;Darrel Horsey
28105;Taylor Grinder
97243;Graig Lillard
42564;Elton Olah
62769;Nikita Carney
45552;Richelle Schwenk
67388;Tess Mccutchan
67324;Janene Whitlatch
41250;Alline Moline
16276;Ilse Knaub
91999;Tilda Caperton
27121;Landon Harrah
22435;Clay Hammitt
81922;Janine Elamin
54649;Birgit Post
97384;Jeni Caughman
96432;Vonnie Stjean
66471;Mckinley Tortora
98583;Natalia Million
34180;Joi Shuffler
49434;Lisabeth Nardone
70035;Jarrett Atwell
73207;Gertha Coplan
84633;Sang Guthmiller
60708;Eura Dunaway
43280;Josefa Kennamer
19422;Iris Smalley
15808;Sonya Cutting
15047;Elizabet Delacerda
71127;Mellisa Bettinger
91407;Shanon Shupe
72630;Catalina Subia
55067;Summer Penn
51517;Hoyt Clemente
78969;Aileen Flanagan
29910;Latesha Jeanbart
42408;Phyliss Wacaster
81318;Chester Silliman
21108;Rolando Wolff
58265;Loida Westbury
24548;Rosita Siegler
53547;Delcie Beddingfield
70712;Johnsie Sim
51365;Adelina Padillo
82463;Francie Slabaugh
19109;Denver Theiss
13711;Lucius Spillane
70890;Carmen Garrett
14723;Delpha Accardo
54982;Joaquina Glorioso
85264;Michaela Quinton
72896;Giovanna Chaves
49821;Bethanie Beahm
66296;Kimberley Crowell
21315;Cheryll Celentano
40704;Mikel Gillis
44099;Marcelina Nilles
51119;Stevie Sowder
37695;Rico Troxler
32977;Grace Shockley
90372;Cara Thorson
87544;Coy Mccurdy
74203;Milly Leeper
89721;Margarete Granillo
14737;Palmer Ledford
98822;Rusty Lage
43146;Delores Connors
18195;Meta Kysar
14453;Terese Pratts
13471;Santos Jeffreys
31390;Lola Terrel
74824;Shena Noonan
94367;Leana Semple
12113;Barbie Curlee
85471;Onie Eagle
66925;Yoshie Serna
19218;Basil Bichrest
65656;Maggie Coletta
62554;Irena Walling
85377;Clarice Carrell
13471;Santos Jeffreys
31390;Lola Terrel
74824;Shena Noonan
94367;Leana Semple
12113;Barbie Curlee
85471;Onie Eagle
66925;Yoshie Serna
19218;Basil Bichrest
65656;Maggie Coletta
62554;Irena Walling
13471;Santos Jeffreys
31390;Lola Terrel
74824;Shena Noonan
94367;Leana Semple
12113;Barbie Curlee
85471;Onie Eagle
66925;Yoshie Serna
19218;Basil Bichrest
65656;Maggie Coletta
62554;Irena Walling
85377;Clarice Carrell
13471;Santos Jeffreys
31390;Lola Terrel
74824;Shena Noonan
94367;Leana Semple
12113;Barbie Curlee
85471;Onie Eagle
66925;Yoshie Serna
19218;Basil Bichrest
65656;Maggie Coletta
62554;Irena Walling
85377;Clarice Carrell
13471;Santos Jeffreys
31390;Lola Terrel
74824;Shena Noonan
94367;Leana Semple
12113;Barbie Curlee
85471;Onie Eagle
66925;Yoshie Serna
19218;Basil Bichrest
65656;Maggie Coletta
65656;Maggie Coletta
74824;Shena Noonan
94367;Leana Semple
12113;Barbie Curlee
85471;Onie Eagle
66925;Yoshie Serna
19218;Basil Bichrest
65656;Maggie Coletta
62554;Irena Walling
85377;Clarice Carrell
13471;Santos Jeffreys
31390;Lola Terrel
74824;Shena Noonan
94367;Leana Semple
12113;Barbie Curlee
85471;Onie Eagle
66925;Yoshie Serna
19218;Basil Bichrest
65656;Maggie Coletta
62554;Irena Walling
85377;Clarice Carrell
13471;Santos Jeffreys
31390;Lola Terrel
74824;Shena Noonan
94367;Leana Semple
12113;Barbie Curlee
85471;Onie Eagle
66925;Yoshie Serna
19218;Basil Bichrest
65656;Maggie Coletta
65656;Maggie Coletta
65656;Maggie Coletta
74824;Shena Noonan
94367;Leana Semple
12113;Barbie Curlee
85471;Onie Eagle
66925;Yoshie Serna
19218;Basil Bichrest
65656;Maggie Coletta
62554;Irena Walling
85377;Clarice Carrell
13471;Santos Jeffreys
31390;Lola Terrel
74824;Shena Noonan
94367;Leana Semple
12113;Barbie Curlee
85471;Onie Eagle
66925;Yoshie Serna
19218;Basil Bichrest
65656;Maggie Coletta
62554;Irena Walling
85377;Clarice Carrell
13471;Santos Jeffreys
31390;Lola Terrel
31390;Lola Terrel
85377;Clarice Carrell
13471;Santos Jeffreys
31390;Lola Terrel
74824;Shena Noonan
94367;Leana Semple
12113;Barbie Curlee
85471;Onie Eagle
66925;Yoshie Serna
19218;Basil Bichrest
65656;Maggie Coletta
62554;Irena Walling
85377;Clarice Carrell
13471;Santos Jeffreys
31390;Lola Terrel
74824;Shena Noonan
94367;Leana Semple
12113;Barbie Curlee
85471;Onie Eagle
66925;Yoshie Serna
19218;Basil Bichrest
65656;Maggie Coletta
65656;Maggie Coletta
65656;Maggie Coletta
74824;Shena Noonan
94367;Leana Semple
12113;Barbie Curlee
85471;Onie Eagle